번호,사업장명,구,도로명주소,좌표정보(X),좌표정보(Y)
1,서울대학교치과병원,종로구,서울특별시 종로구 대학로 101 (연건동),199920.8034,452984.3605
2,청화병원,동작구,서울특별시 동작구 장승배기로 108 (노량진동),194640.5137,444993.6777
3,치휴한방병원,강남구,서울특별시 강남구 도곡로 216 치휴한방병원 (도곡동),203711.0246,443376.8296
4,서울적십자병원,종로구,서울특별시 종로구 새문안로 9 적십자병원 (평동),197013.4902,451678.7875
5,한누리치과병원,중구,서울특별시 중구 퇴계로 97 3층 306호 (충무로1가 고려대연각센터빌딩),198388.3656,450963.2418
6,보금한방병원,강서구,서울특별시 강서구 마곡중앙4로 22 파인스퀘어 34층 (마곡동),,
7,광덕안정한방병원,서초구,서울특별시 서초구 강남대로 309 코리아비지니스센타 2층 (서초동),202623.2972,443154.9643
8,선의요양병원,노원구,서울특별시 노원구 동일로 1419 9층~11층 (상계동),205211.9637,461437.854
9,세란병원,종로구,서울특별시 종로구 통일로 256 (무악동),196173.8536,452543.7122
10,미림한방병원,강남구,서울특별시 강남구 도산대로6길 14 아이올리빌딩 1층~4층층 (논현동),201848.5077,445944.7517
11,광화문자생한방병원,중구,서울특별시 중구 통일로 92 케이지타워 128층 (순화동),197214.2058,451259.6719
12,참바로병원,중구,서울특별시 중구 다산로 258 23층 (흥인동 리마크빌),201400.8244,451528.0122
13,반도정형외과병원,중구,서울특별시 중구 동호로 202 (신당동),200823.5125,450412.5869
14,더블유치과병원,중구,서울특별시 중구 장충단로 263 14층 (을지로6가 밀리오레상가건물),200697.8212,451764.4748
15,유치과병원,중구,서울특별시 중구 다산로 175 3층 (신당동 명덕빌딩),201064.9637,450779.721
16,라임나무치과병원,중구,서울특별시 중구 명동길 43 7층 (명동1가 신한은행),198582.3397,451302.6029
17,연세스위트치과병원,중구,서울특별시 중구 퇴계로 447 211~213호 (황학동 황학아크로타워),201836.9582,451519.3595
18,강남와이케이병원,강남구,서울특별시 강남구 학동로 233 디와이빌딩 3층 일부4~6층 (논현동),202995.5127,445922.6721
19,연세슬기병원,성동구,서울특별시 성동구 무학로2길 8 (도선동),202640.9656,451334.9344
20,고은빛여성병원,강동구,서울특별시 강동구 천호대로 1151 (길동),212244.5325,447998.3268
21,서울양병원,강동구,서울특별시 강동구 천호대로 1159 (길동),212316.4791,447989.1761
22,서울송도병원,중구,서울특별시 중구 다산로 78 (신당동 송도병원),200668.0259,449903.5387
23,소화병원(의료법인 소화병원),용산구,서울특별시 용산구 청파로 383 (서계동 소화아동병원),197160.9178,450168.3236
24,더조은요양병원,노원구,서울특별시 노원구 화랑로 323 (월계동),205548.2321,456950.1521
25,청병원,강동구,서울특별시 강동구 올림픽로 546 G.M.F.빌딩 (성내동),210628.9622,447573.7192
26,리드힐병원,은평구,서울특별시 은평구 연서로 10 지하2~지상9층 (역촌동),192551.9898,455278.5684
27,이엔이치과병원,양천구,서울특별시 양천구 신정중앙로 103 (신정동),187852.7234,447149.1832
28,9988병원,성동구,서울특별시 성동구 왕십리로 269 (행당동),203242.7758,450703.1
29,서울특별시장애인치과병원,성동구,서울특별시 성동구 마장로 207 (홍익동),202827.9731,451607.692
30,서울효사랑요양병원,성동구,서울특별시 성동구 동일로 93 (성수동2가),205503.6036,448769.0086
31,시온요양병원,성동구,서울특별시 성동구 자동차시장1길 85 지하1지상3~5층 (용답동 JS빌딩),205861.7783,450912.3026
32,노블요양병원,은평구,서울특별시 은평구 응암로 304 지1 1~7층 (응암동),192972.5104,455129.7034
33,서울연세병원,성동구,서울특별시 성동구 왕십리로 296 (행당동),203125.7512,450929.9584
34,인제대학교 서울백병원,중구,서울특별시 중구 마른내로 9 (저동2가),,
35,굿모닝요양병원,성동구,서울특별시 성동구 천호대로 436 2~7층 (용답동),205869.8319,450941.1897
36,연세사랑병원,서초구,서울특별시 서초구 효령로 10 (방배동),198754.8414,441614.293
37,연세무척나은병원,광진구,서울특별시 광진구 천호대로 568 (능동),207070.3923,450446.7738
38,편안한요양병원,광진구,서울특별시 광진구 자양로 38 편안한요양병원 (자양동),207574.3509,447709.2753
39,서울프라임병원,광진구,서울특별시 광진구 동일로 92-1 B1~2 3~7층 (자양동),205558.6771,448728.0568
40,동부참사랑요양병원,광진구,서울특별시 광진구 동일로 154 (화양동),205799.1627,449285.8202
41,건국대학교병원,광진구,서울특별시 광진구 능동로 120-1 (화양동),206303.0322,448689.8782
42,광진예치과병원,광진구,서울특별시 광진구 천호대로 556 (능동),206972.7216,450495.8932
43,국립정신건강센터,광진구,서울특별시 광진구 용마산로 127 (중곡동 국립정신건강센터),207510.0768,451417.8644
44,서울페이스21치과병원,강남구,서울특별시 강남구 강남대로 390 미진프라자 21층 (역삼동),202462.6048,443960.1863
45,한양대학교병원,성동구,서울특별시 성동구 왕십리로 222-1 (사근동),204108.2637,450598.4701
46,바른본병원,광진구,서울특별시 광진구 능동로 261 (군자동),206746.7083,450141.9318
47,참요양병원,강서구,서울특별시 강서구 강서로 182 (화곡동),185764.8988,448963.0825
48,서울명병원,동대문구,서울특별시 동대문구 고산자로 421 (용두동),203286.0253,452787.9008
49,코리아병원,동대문구,서울특별시 동대문구 장한로 143 (장안동),206246.5334,452326.9065
50,에스(S)리더치과병원,광진구,서울특별시 광진구 능동로 103 3.4층 (화양동),206163.282,448682.5788
51,방화병원,강서구,서울특별시 강서구 양천로 92 지하1 지상1~6층 층호 (방화동 방화정형외과),183500.1833,452337.3214
52,브레인요양병원,동대문구,서울특별시 동대문구 장한로32길 7 (장안동),206344.1627,452578.5598
53,멘토스병원,동대문구,서울특별시 동대문구 한천로 49 (답십리동),205366.0895,451593.2511
54,경희대학교치과병원,동대문구,서울특별시 동대문구 경희대로 23 (회기동 경희의료원),204469.209,454934.0474
55,대한민국요양병원,동대문구,서울특별시 동대문구 장한로 200 (장안동 KS빌딩),206335.2966,452888.852
56,경희대학교한방병원,동대문구,서울특별시 동대문구 경희대로 23 (회기동),204573.6764,454934.0474
57,엘치과병원,동대문구,서울특별시 동대문구 전농로 102 3층 (답십리동),205049.0959,452418.2704
58,의료법인마리아의료재단마리아병원,동대문구,서울특별시 동대문구 천호대로 20 (신설동),202175.202,452453.201
59,행복닥터스요양병원,동대문구,서울특별시 동대문구 정릉천동로 102 지하1층~지상4층 (제기동),203109.5955,453230.2873
60,서울유병원,강북구,서울특별시 강북구 도봉로 77 지하2층~지하1층 3층~8층층 (미아동),202551.6497,457089.45
61,경희대학교병원,동대문구,서울특별시 동대문구 경희대로 23 (회기동),204573.6764,454934.0474
62,하늘병원,동대문구,서울특별시 동대문구 천호대로 317 하늘병원 (답십리동),204831.4613,451444.506
63,서울특별시 동부병원,동대문구,서울특별시 동대문구 무학로 124 (용두동),202716.1973,452561.4862
64,의료법인한국의료재단프라임병원,중랑구,서울특별시 중랑구 공릉로 76 (묵동),206946.6754,457213.2104
65,노원 바로유 한방병원,노원구,서울특별시 노원구 노원로 461 2층 (상계동),205705.7366,461663.5391
66,노원솔요양병원,노원구,서울특별시 노원구 덕릉로 690 기업은행 2345층 (중계동),206611.446,461842.6702
67,나누리병원,강남구,서울특별시 강남구 언주로 731 (논현동),202937.1468,446451.613
68,삼육서울병원,동대문구,서울특별시 동대문구 망우로 82 (휘경동),205622.5177,454115.4328
69,시카고치과병원,동대문구,서울특별시 동대문구 천호대로 2 (신설동),202012.6215,452528.1932
70,신우요양병원,동대문구,서울특별시 동대문구 한천로 207 지하1지상13~6층 (전농동),205941.7508,453021.4114
71,참튼튼병원,동대문구,서울특별시 동대문구 답십리로 261 (장안동),206056.5949,452278.2146
72,날개병원,동대문구,서울특별시 동대문구 무학로 193-1 (용두동),202533.3261,453257.5818
73,린여성병원,동대문구,서울특별시 동대문구 답십리로 266 파워스빌딩 (장안동),206099.7433,452218.1888
74,영동병원,동대문구,서울특별시 동대문구 한천로 4 (장안동),205102.9966,451221.5683
75,서울나은병원,동대문구,서울특별시 동대문구 왕산로 137 (제기동),203350.9382,452917.2015
76,의료법인 우리아이들 의료재단 우리아이들병원,구로구,서울특별시 구로구 새말로 15 2~9층 (구로동 삼전솔하임),189538.8798,444449.405
77,삼육치과병원,동대문구,서울특별시 동대문구 망우로 82 (휘경동),205516.3516,453905.9204
78,자닮인요양병원,송파구,서울특별시 송파구 송이로 81 (가락동 르노삼성자동차),210574.0379,444069.1846
79,혜민병원,광진구,서울특별시 광진구 자양로 85 (자양동),207307.2706,448107.5525
80,면력한방병원,강서구,서울특별시 강서구 마곡중앙6로 93 열린프라자 6710층 602603604605호 (마곡동),185593,450880
81,경희생생한방병원,강서구,서울특별시 강서구 공항대로41길 34 3.4층 (등촌동 플러스존),186299.7427,450792.0165
82,치유본한방병원,강서구,서울특별시 강서구 화곡로 188 더와이즈황병원 3~8층 (화곡동),186001.4903,448899.5002
83,강서수한방병원,강서구,서울특별시 강서구 곰달래로 54 백제빌딩 1~7층 (화곡동),185684.8944,447532.2173
84,조앤조병원,중랑구,서울특별시 중랑구 망우로 474 (망우동 조앤조병원),209177.6828,455333.0445
85,씨티칼리지요양병원,강남구,서울특별시 강남구 선릉로 751 카로시티Ⅲ (논현동),203388.0514,446619.5865
86,참튼튼병원,노원구,서울특별시 노원구 노해로 502 2층 3층 5층 (상계동),205550.9084,461343.0622
87,서울특별시서남병원,양천구,서울특별시 양천구 신정이펜1로 20 (신정동),185179.3589,445532.4449
88,강남센트럴요양병원,송파구,서울특별시 송파구 송이로 156 태정타워 (가락동),210944.8601,443429.7814
89,로덴치과병원,성북구,서울특별시 성북구 종암로 72 (종암동),,
90,정병원,도봉구,서울특별시 도봉구 도봉로 639 (쌍문동),203610.1655,462124.875
91,새숨병원,송파구,서울특별시 송파구 정의로8길 4 KDG70타워 234층 (문정동),,
92,서울라본병원,중랑구,서울특별시 중랑구 망우로 476 (망우동),209210.8307,455338.5682
93,더서울병원,성북구,서울특별시 성북구 아리랑로 16 (동선동4가),201389.393,454658.2109
94,서울선병원,중랑구,서울특별시 중랑구 망우로 373 (상봉동 서울선병원),208199.9916,455149.745
95,성북우리아이들병원,성북구,서울특별시 성북구 동소문로46길 10 (하월곡동),202518.3756,456065.672
96,사회복지법인 성가소비녀회 성가복지병원,성북구,서울특별시 성북구 종암로 191 (하월곡동),202645.5837,456061.1139
97,구로성심병원,구로구,서울특별시 구로구 경인로 427 구로성심병원 (고척동),188114.4044,444166.1984
98,대림성모병원,영등포구,서울특별시 영등포구 시흥대로 657 (대림동 대림성모병원),191713.4486,443157.3887
99,동서요양병원,성북구,서울특별시 성북구 동소문로 306 (하월곡동),,
100,꿈의숲요양병원,강북구,서울특별시 강북구 월계로 183 (번동),203895.66,457580.9999
101,민병원,강북구,서울특별시 강북구 도봉로 155 서울민병원 (미아동),202240.8551,458118.7096
102,현인요양병원,강북구,서울특별시 강북구 삼각산로 20 (수유동),200518.7313,459583.5849
103,효성요양병원,강북구,서울특별시 강북구 삼양로 204 (미아동 효성요양병원),201738.7194,457742.0896
104,포근한요양병원,강북구,서울특별시 강북구 도봉로 266 (미아동),202061.2521,458882.073
105,서울특별시 북부병원,중랑구,서울특별시 중랑구 양원역로 38 (망우동),209440.4927,455783.8826
106,강북우리들병원,강북구,서울특별시 강북구 한천로 1083 수유동 (수유동 광산타워),201930.77,460020.9817
107,서울좋은병원,강북구,서울특별시 강북구 도봉로 114 (미아동),202523.2612,457439.2095
108,북서울요양병원,강북구,서울특별시 강북구 한천로 1002 북서울요양병원 (번동),202582.4663,459530.4861
109,서울바른병원,영등포구,서울특별시 영등포구 여의대방로 145 2~7층 (신길동 세인트빌딩),192857.9283,444236.2008
110,서울세계로병원,송파구,서울특별시 송파구 위례서로 248 5~12층 (거여동),,
111,효림요양병원,동대문구,서울특별시 동대문구 천호대로 259-1 (답십리동),204432.5653,451818.7127
112,국립재활원,강북구,서울특별시 강북구 삼각산로 58 (수유동 국립재활원),200868.4734,459614.3535
113,경희치과병원,강북구,서울특별시 강북구 도봉로 358 (번동 코스타타워),202343.3875,459654.4252
114,의료법인성화의료재단  대한병원,강북구,서울특별시 강북구 도봉로 301 (수유동 대한병원),201952.0908,459227.558
115,신일병원,강북구,서울특별시 강북구 덕릉로 73 (수유동),201857.4279,459159.097
116,정요양병원,도봉구,서울특별시 도봉구 도봉로 639 56층 (쌍문동),203622.8932,462131.6667
117,강남수병원,송파구,서울특별시 송파구 삼전로2길 11 (삼전동),207674.7965,444581.8469
118,서울현대병원,강북구,서울특별시 강북구 도봉로 374 (번동 서울현대병원),202451.8676,459765.522
119,서울특별시보라매병원,동작구,서울특별시 동작구 보라매로5길 20 (신대방동),193235.494,443510.4208
120,베이직병원,도봉구,서울특별시 도봉구 삼양로 610 지하1층층 지상1234호 (쌍문동 산수디앤씨),201167.0865,461671.4699
121,로덴성문치과병원,도봉구,서울특별시 도봉구 도봉로 569 5층 (쌍문동 준우빌딩),203334.7675,461499.9453
122,성모샘병원,도봉구,서울특별시 도봉구 도봉로 683 567층 (방학동),203651.208,462576.5408
123,다나병원,도봉구,서울특별시 도봉구 해등로 129 (창동),203494.2987,461407.0571
124,강남요양병원,서초구,서울특별시 서초구 서초중앙로 197 (반포동),200998.4692,444131.0255
125,서울숲요양병원,강동구,서울특별시 강동구 고덕로 295-60 원케어메디컬타운 (고덕동),214041.1856,450689.5645
126,메디람한방병원,마포구,서울특별시 마포구 양화로 119 디키즈코리아 B1~6층 (서교동),192845.1696,450236.9622
127,재단법인베스티안재단베스티안서울병원,성동구,서울특별시 성동구 왕십리로 382 (하왕십리동),204994.182,443986.1952
128,서울사랑요양병원,도봉구,서울특별시 도봉구 삼양로 574 2~5층 (쌍문동),201098.7614,461327.6266
129,서울삼성요양병원,영등포구,서울특별시 영등포구 선유로 51 파인그라드빌딩 b1~8층 (문래동6가),190094.7188,446267.3467
130,바른사랑병원,관악구,서울특별시 관악구 신원로 35 삼모 더 프라임 타워 37층 (신림동),193643.2743,442230.0357
131,새마음요양병원,성북구,서울특별시 성북구 동소문로 215 (정릉동),201837.9248,455449.0815
132,샤인치과교정과 치과병원,노원구,서울특별시 노원구 노해로 488 근호빌딩 5층 502호 (상계동),205415.5424,461328.5963
133,파로스병원,노원구,서울특별시 노원구 노원로 416 파로스병원 (상계동),205922.1512,461261.6572
134,기쁨병원,서초구,서울특별시 서초구 서초중앙로 4 기쁨병원 (서초동),201523.8174,442288.6854
135,로이병원,종로구,서울특별시 종로구 평창문화로 75 글로리아타운 235층 (평창동),197212.3649,456055.2058
136,성북서울요양병원,성북구,서울특별시 성북구 종암로 31 (종암동),203092.6158,454534.4841
137,한국보훈복지의료공단 중앙보훈병원,강동구,서울특별시 강동구 진황도로61길 53 (둔촌동),212987.2607,447505.0117
138,퍼스트요양병원,도봉구,서울특별시 도봉구 삼양로 616 2-5층 (쌍문동),201177.7432,461734.8035
139,제니스병원,광진구,서울특별시 광진구 자양로 215 (구의동),207569.6097,449364.5691
140,의료법인 상원의료재단 강북힘찬병원,도봉구,서울특별시 도봉구 도봉로 446 강북힘찬병원 (창동),202877.0443,460368.6744
141,성북웰니스요양병원,성북구,서울특별시 성북구 보문로 86 (보문동4가),201783.4841,453412.3952
142,하나이비인후과병원,강남구,서울특별시 강남구 역삼로 245 (역삼동 지하2층일부 1층일부 2층~6층),203732.3023,443970.1198
143,보문효사랑요양병원,성북구,서울특별시 성북구 보문로 46 (보문동7가),201941.0796,453050.0362
144,의료법인유라의료재단 온누리요양병원,성북구,서울특별시 성북구 화랑로 271 (장위동),205115.2701,456653.3473
145,의료법인서광의료재단 성북중앙병원,성북구,서울특별시 성북구 종암로 72 (종암동),203093.0095,454951.4389
146,햇빛병원,강북구,서울특별시 강북구 도봉로 74 (미아동),202598.72,457044.0552
147,케이치과병원,송파구,서울특별시 송파구 올림픽로 319 2층 (신천동 서울시교통회관건물),209243.1693,445935.0925
148,마리아성모요양병원,영등포구,서울특별시 영등포구 영중로 122 (영등포동8가 일이빌딩),191614.0047,447216.0056
149,서울은빛요양병원,영등포구,서울특별시 영등포구 양평로22사길 9 (양평동5가),190648.4108,448737.3522
150,이우요양병원,은평구,서울특별시 은평구 불광로13길 15 (불광동),193937.9824,457220.0582
151,아미나요양병원,종로구,서울특별시 종로구 경희궁길 26 썬타워빌딩 지하1층 지상234567층 (신문로2가),197369.9254,452219.6052
152,경희리솜한방병원,금천구,서울특별시 금천구 시흥대로79길 15 리솜메디라이프 5~7층 (시흥동),190879.0639,439641.0618
153,가톨릭대학교 은평성모병원,은평구,서울특별시 은평구 통일로 1021 (진관동),192728.8669,459983.3885
154,최원호병원,은평구,서울특별시 은평구 서오릉로 45 최원호병원 (녹번동),193205.566,455829.617
155,경희늘푸른노인전문병원,도봉구,서울특별시 도봉구 시루봉로 137 (방학동),202338.9378,462312.5889
156,송파미소병원,송파구,서울특별시 송파구 오금로 513 위례빌딩 (거여동),212831.0333,443457.1046
157,연세에덴요양병원,은평구,서울특별시 은평구 통일로 669 (녹번동),194047.3775,455977.8689
158,로하스은평효요양병원,은평구,서울특별시 은평구 연서로 209 보성빌 23일부4~6층 (갈현동),192761.3489,457225.2185
159,21C메트로한방병원,은평구,서울특별시 은평구 갈현로 24 2층 201202호 (신사동),192023.7679,455324.3466
160,인정병원,은평구,서울특별시 은평구 응암로 164 (응암동),192542.2508,453806.8824
161,의료법인 성누가의료재단 성누가병원,은평구,서울특별시 은평구 통일로 726 불광메디컬타워 1~12층 (불광동),193778.7088,456467.9855
162,서울병원,은평구,서울특별시 은평구 진흥로 191 (대조동),193814.576,456279.9055
163,본서부병원,은평구,서울특별시 은평구 은평로 133 (응암동),193122.8242,455410.2131
164,한국효요양병원,은평구,서울특별시 은평구 은평로 170 6층7층8층 (응암동 상현빌딩동),193475.5671,455434.5453
165,문치과병원,은평구,서울특별시 은평구 통일로 809-1 (대조동),193196.2425,457089.7191
166,양천효요양병원,양천구,서울특별시 양천구 오목로 121 (신정동 양천효요양병원),186770.9433,446907.8412
167,라이브치과병원,강남구,서울특별시 강남구 논현로105길 48 12층 (역삼동),202606.2988,444820.3116
168,은평연세병원,은평구,서울특별시 은평구 연서로 177 (갈현동),192640.9038,456933.4719
169,강북으뜸병원,강북구,서울특별시 강북구 도봉로 187 지하1층 2층~5층 (미아동),202240.8551,458118.7096
170,의료법인 청구성심병원,은평구,서울특별시 은평구 통일로 873 (갈현동),192828.6018,457608.2899
171,로하스동서울요양병원,중랑구,서울특별시 중랑구 봉화산로 194 신아타운 45층 (신내동),208295.0998,456014.9992
172,서울특별시은평병원,은평구,서울특별시 은평구 백련산로 90 (응암동),193290.1972,454936.4548
173,하나효요양병원,은평구,서울특별시 은평구 서오릉로 149 세웅그룹빌딩 3~9층 (구산동),192530.536,456583.7096
174,강북예치과병원,노원구,서울특별시 노원구 노해로81길 5-6 노원스퀘어 5-7층 (상계동),205352.2249,461310.6678
175,연세노블병원,은평구,서울특별시 은평구 서오릉로 37 (녹번동),193261.2726,455751.1196
176,서울재활병원,은평구,서울특별시 은평구 갈현로11길 30 (구산동),191702.077,455932.109
177,의료법인제민의료재단동서병원,서대문구,서울특별시 서대문구 성산로 365-14 (연희동),193759.8056,451374.1369
178,푸르메재단 넥슨어린이재활병원,마포구,서울특별시 마포구 월드컵북로 494 지하1층~7층 (상암동 푸르메재단넥슨어린이재활병원),189380.8829,453602.29
179,강북연세요양병원,서대문구,서울특별시 서대문구 성산로 335 (연희동),193531.9058,451541.2557
180,잎사귀치과병원,서대문구,서울특별시 서대문구 연세로5길 26 579층 (창천동),194225.2232,450479.459
181,제이여성병원,서대문구,서울특별시 서대문구 통일로 442 (홍제동 제이여성병원),195065.2927,454025.0786
182,가화한방병원,도봉구,서울특별시 도봉구 도당로 51 (방학동),,
183,효담요양병원,서대문구,서울특별시 서대문구 통일로 544 (홍은동),194596.3301,454884.9662
184,바로선병원,도봉구,서울특별시 도봉구 도봉로 628 (창동 바로선병원),203650.128,461998.9089
185,더본병원,동작구,서울특별시 동작구 동작대로 67 (사당동),198290.516,442261.6843
186,마포요양병원,마포구,서울특별시 마포구 성산로 128 지하1~지상5층 (성산동),191843.8295,451282.5582
187,유광사여성병원,강서구,서울특별시 강서구 강서로 194 (화곡동),185695.2705,449055.8856
188,혜당한방병원,마포구,서울특별시 마포구 독막로 32 지112457층 (합정동),192577.2155,449537.9982
189,신촌연세병원,마포구,서울특별시 마포구 서강로 110 지2층~6층 (신수동),194068.3796,450023.9778
190,에스엠씨요양병원,마포구,서울특별시 마포구 월드컵북로 165 지하1층~5층 (성산동 SMC),191971.0071,451626.1744
191,네모치과병원,마포구,서울특별시 마포구 양화로 178 3층 (동교동),193316.9003,450586.8651
192,한그루치과병원,마포구,서울특별시 마포구 마포대로 78 자람빌딩 3층 (도화동),195494.0212,448852.3798
193,맑은수병원,동대문구,서울특별시 동대문구 천호대로83길 44 (장안동),205714.7837,451286.6686
194,연세한강병원,마포구,서울특별시 마포구 마포대로 25 대농빌딩 235층 (마포동),195051.5337,448575.9565
195,서울성심병원,동대문구,서울특별시 동대문구 왕산로 259 서울성심병원 (청량리동),204343.5506,453554.6803
196,장스여성병원,중랑구,서울특별시 중랑구 용마산로117길 49 장스여성병원 비동 (7층 일부제외)동 (망우동),208576.5635,455256.1355
197,햇살요양병원,동대문구,서울특별시 동대문구 장한로 152 지하1~2층 지상3 ~10층 (장안동),206308.8958,452418.2757
198,의료법인에이치엠피의료재단녹십초요양병원,동작구,서울특별시 동작구 시흥대로 634 (신대방동),191677.3749,442912.5759
199,서울요양병원,동작구,서울특별시 동작구 성대로 43 (상도동 우리빌딩),194064.9941,444089.8383
200,다일천사병원,동대문구,서울특별시 동대문구 서울시립대로 57 천사병원 B11236층 (전농동),204144.5715,452698.1853
201,태능성심요양병원,노원구,서울특별시 노원구 동일로 987 (공릉동 태릉성심종합병원),206534.3446,457344.387
202,부민병원,강서구,서울특별시 강서구 공항대로 389 부민병원 (등촌동),186760.1047,450529.2829
203,서울지구병원,종로구,서울특별시 종로구 삼청로10길 13 (삼청동),198416.7761,453972.4409
204,세솟는정형외과병원,마포구,서울특별시 마포구 백범로 26 세솟는병원 (신수동),194363.5897,450007.1919
205,은평요양병원,은평구,서울특별시 은평구 통일로 935 (갈현동),192825.8394,458236.2345
206,목동제일여성병원,양천구,서울특별시 양천구 중앙로 300 (신정동),186831.1584,446764.9159
207,의료법인 우신향병원,성북구,서울특별시 성북구 안암로 99 (안암동5가),,
208,금강아산병원(재단법인 아산사회복지재단),용산구,서울특별시 용산구 이촌로 318 (이촌동),198334.5287,446153.5222
209,다인치과병원,노원구,서울특별시 노원구 노해로 507 5층 (상계동 와우쇼핑몰),205557.0134,461441.688
210,의료법인풍산의료재단동부제일병원,중랑구,서울특별시 중랑구 망우로 511 (망우동 동부제일병원),209579.6123,455387.9969
211,서울미르한방병원,노원구,서울특별시 노원구 동일로197길 11 공삼빌딩 234층 (공릉동),206170.6432,458461.197
212,강서바른세상병원,강서구,서울특별시 강서구 금낭화로 9 바른세상병원 12345층 67호 (방화동),183284.3881,451554.1104
213,오석한방병원,광진구,서울특별시 광진구 자양로 116 301~307호310~312호 (구의동 웰츠타워),207342.7661,448444.7546
214,마루치과병원,구로구,서울특별시 구로구 새말로 110 (구로동),190383.3224,444896.3768
215,솔병원,강서구,서울특별시 강서구 방화대로 352 1~4층 (방화동),183782.987,452237.3096
216,더와이즈치과병원,강서구,서울특별시 강서구 화곡로 186 12345층 (화곡동 세웅빌딩),185980.8428,448892.6427
217,의료법인 나누리병원,강서구,서울특별시 강서구 가로공원로 187 나누리강서병원 (화곡동),185500.4984,448361.4951
218,365강서수요양병원,강서구,서울특별시 강서구 양천로 35 1~6층 (방화동),182940.0867,452319.805
219,디앤에프병원,중랑구,서울특별시 중랑구 봉화산로 64 (중화동 디엔에프병원),207125.8115,455464.2878
220,서울스타병원,강서구,서울특별시 강서구 강서로 307 서울스타병원빌딩 34567층 89호 (내발산동),185458.9627,450122.6219
221,에스앤유서울병원,강서구,서울특별시 강서구 공항대로 237 에이스타워 마곡 345층 3063073018~320호 (마곡동),,
222,새미래요양병원,강서구,서울특별시 강서구 국회대로 233 (화곡동),187632.7081,447508.7355
223,새로운병원,강남구,서울특별시 강남구 학동로 121 새로운병원빌딩 지하1층일부~7층 (논현동),202080.7113,445562.1344
224,새빛요양병원,강서구,서울특별시 강서구 화곡로61길 109 천수빌딩 2345층 (등촌동),186351.2271,450679.4264
225,서울대효병원,강서구,서울특별시 강서구 강서로47가길 33 덕산빌딩 23456층 (내발산동),185417.6711,449870.2657
226,강서힘찬병원,강서구,서울특별시 강서구 강서로56길 38 (등촌동 강서힘찬병원),185851.0536,450781.4412
227,우리들병원,강서구,서울특별시 강서구 하늘길 70 (과해동),182141.2055,451078.4799
228,서울바로나치과병원,강서구,서울특별시 강서구 화곡로 176-4 5층 (화곡동),185892.4334,448833.0208
229,실로암안과병원,강서구,서울특별시 강서구 등촌로 181 (등촌동 실로암안과병원),187731.0844,449330.1071
230,강서송도병원,강서구,서울특별시 강서구 공항대로 315 (등촌동 서울시니어강서타워),186043.3113,450704.6668
231,웰튼병원,강서구,서울특별시 강서구 강서로 318 웰튼병원 (내발산동),185540.006,450208.308
232,로고스치과병원,강서구,서울특별시 강서구 공항대로 281 3층 (등촌동),185691.6568,450741.0861
233,서울큰나무병원,강서구,서울특별시 강서구 강서로 206 23456층 (화곡동),185617.4979,449153.638
234,힘찬하나로한방병원,강서구,서울특별시 강서구 강서로 173 터보빌딩 789층 (화곡동),185758.413,448865.3272
235,서울고든병원,강서구,서울특별시 강서구 양천로 600 파인블루빌딩 지하1278층 910호 (등촌동),187974.2289,450369.1654
236,모나리자요양병원,강서구,서울특별시 강서구 양천로 715 지하3층~8층 (염창동),188933.7623,449722.9937
237,강서필병원,강서구,서울특별시 강서구 강서로17길 24 (화곡동),186171.5696,447873.2851
238,의료법인 어울림의료재단 정성요양병원,구로구,서울특별시 구로구 남부순환로 1287 정성요양병원 2.3.5층 남부순환로 107길 24동 (가리봉동),190540.8263,441868.7075
239,강서효요양병원,구로구,서울특별시 구로구 개봉로19길 3 (개봉동 강서진료병원),187161.1951,443384.623
240,포근한맘요양병원,도봉구,서울특별시 도봉구 삼양로 606 (쌍문동),,
241,이화여자대학교의과대학부속서울병원,강서구,서울특별시 강서구 공항대로 260 이화여자대학교 제2부속병원 (마곡동),,
242,핑크힐병원,강서구,서울특별시 강서구 양천로 712 (염창동),188873.3087,449696.8098
243,미즈메디병원,강서구,서울특별시 강서구 강서로 295 (내발산동),185439.3851,450008.1391
244,예스병원,구로구,서울특별시 구로구 구로동로 147 MEDI FLOWER 147 (구로동),189614.1688,443289.3756
245,오케이요양병원,구로구,서울특별시 구로구 중앙로 64 고척프라자 가동 45층/나동34층 (고척동),187798.8693,444629.7048
246,리본병원,구로구,서울특별시 구로구 경인로 393-7 일이삼전자타운 567층 (고척동),187826.6982,443925.5247
247,아름제일병원,구로구,서울특별시 구로구 새말로 94 2~6층 9층 / 새말로 110 지하1층동 3~6층 (구로동),190383.3224,444896.3768
248,재단법인 제중의료복지재단 제중요양병원,구로구,서울특별시 구로구 새말로 60 제중요양병원 지하2동 1~9층 (구로동),189911.9871,444573.7627
249,더세인트요양병원,구로구,서울특별시 구로구 경인로 218 더세인트빌딩 B1.B중3~15층 (오류동),186237.2934,443794.006
250,목동현대요양병원,구로구,서울특별시 구로구 중앙로 91 (고척동),,
251,해달한방병원,구로구,서울특별시 구로구 경인로 176 501502601호 (오류동 시티월드),185875.8758,443592.1388
252,삼성미래여성병원,구로구,서울특별시 구로구 서해안로 2296 삼성미래여성병원 (오류동),185813.5927,443232.2666
253,봄담한방병원,강동구,서울특별시 강동구 양재대로 1596 3~6층 (명일동),212634.1913,449540.4924
254,연세사랑모아여성병원,구로구,서울특별시 구로구 중앙로 100 (고척동),187606.6938,444911.9253
255,아나파한방병원,구로구,서울특별시 구로구 중앙로1길 18-18 2층 (고척동 신원프라자),187870.4708,444127.3086
256,의료법인 서울효천의료재단 에이치플러스자립병원,구로구,서울특별시 구로구 공원로6가길 4 고려 수 타워 (구로동),190344.1916,444414.1709
257,의료법인 인봉의료재단 영등포병원,영등포구,서울특별시 영등포구 당산로31길 10 (당산동3가),190722.223,447181.3231
258,고려대학교의과대학부속구로병원,구로구,서울특별시 구로구 구로동로 148 고려대부속구로병원 (구로동),189737.5631,443329.4594
259,의료법인다나의료재단구로다나병원,구로구,서울특별시 구로구 개봉로 126 (개봉동 구로다나병원빌딩),187263.4236,443866.7898
260,실버한방병원,금천구,서울특별시 금천구 독산로 362 (독산동),191453.8036,441879.1894
261,구로한방병원,금천구,서울특별시 금천구 남부순환로 1398 (독산동),191626.3562,441978.8965
262,아카시아병원,금천구,서울특별시 금천구 시흥대로114길 5 (독산동),190957.4097,440664.1357
263,성지병원,금천구,서울특별시 금천구 가산로 122 (가산동),190457.7728,441601.3257
264,새움병원,금천구,서울특별시 금천구 시흥대로139길 8 새움병원 (독산동),190881,441205
265,뉴연세여성병원,금천구,서울특별시 금천구 시흥대로 239 (시흥동),191074.222,439241.8052
266,성신고려요양병원,금천구,서울특별시 금천구 범안로 1191 (독산동),190559.6371,440511.1528
267,서울바른세상병원,금천구,서울특별시 금천구 시흥대로 421 (독산동 건국빌딩),190880.4771,441004.4907
268,방병원,노원구,서울특별시 노원구 동일로 989 2~9층 (공릉동),206552.5616,457344.4695
269,강동미즈여성병원,강동구,서울특별시 강동구 천호대로 1043 (천호동),,
270,녹십자요양병원,금천구,서울특별시 금천구 시흥대로 202 34층 (시흥동 대의빌딩),191257.6118,438879.4251
271,서울대효병원,금천구,서울특별시 금천구 시흥대로 230 서평빌딩 567층 (시흥동),191191.8687,439144.8779
272,금천한방병원,금천구,서울특별시 금천구 시흥대로73길 67 46층 (시흥동),,
273,강북휴요양병원,강북구,서울특별시 강북구 도봉로 161 서울컨벤션웨딩홀 (미아동),202314.8638,457867.6586
274,시온한방병원,은평구,서울특별시 은평구 응암로 267 정원빌딩 (응암동),192747.9159,454846.2438
275,한강수병원,영등포구,서울특별시 영등포구 영등포로 83 한강수병원 (양평동1가),190282.7859,446694.2566
276,마디세상병원,중랑구,서울특별시 중랑구 동일로 890 (묵동),206836.6202,456400.5853
277,서울대학교병원,종로구,서울특별시 종로구 대학로 101 (연건동),199920.8034,452984.3605
278,로하스참사랑요양병원,영등포구,서울특별시 영등포구 경인로77길 6 (문래동2가),190503.8235,445613.0315
279,의료법인성석의료재단동작경희병원,동작구,서울특별시 동작구 상도로 146 (상도동),194279.9894,444482.3796
280,서울숭인병원,종로구,서울특별시 종로구 종로 386 6.7.8.9층 (숭인동),201728.0108,452416.8255
281,참포도나무병원,서초구,서울특별시 서초구 바우뫼로35길 32 (양재동),203350.547,441971.9406
282,금천수요양병원,금천구,서울특별시 금천구 남부순환로 1400 2~9층 (독산동),191659.5131,441984.5022
283,삼성서울병원,강남구,서울특별시 강남구 일원로 81 (일원동 삼성의료원),207534.4946,442943.8604
284,느루요양병원,강남구,서울특별시 강남구 도산대로 209 느루요양병원빌딩 지하1~2층 지상1~10층 (신사동),202527.4021,446478.3296
285,의료법인 미소들노인전문병원,구로구,서울특별시 구로구 고척로21나길 88-41 (개봉동 미소들병원),185884.744,444536.9159
286,강남힘찬병원,송파구,서울특별시 송파구 백제고분로 407 (송파동 지하 2층~7층),209641.1023,445051.6382
287,건양의료재단 김안과병원,영등포구,서울특별시 영등포구 영신로 136 (영등포동4가),191213.3355,446402.6175
288,선한목자병원,강남구,서울특별시 강남구 논현로 507 (역삼동 성지하이츠3차빌딩 2층3층일부),203118.3914,444369.1263
289,서울특별시서북병원,은평구,서울특별시 은평구 갈현로7길 49 (역촌동),191428.1294,455780.411
290,대림요양병원,영등포구,서울특별시 영등포구 가마산로 381 (대림동 한세빌딩),191066.8518,444497.8999
291,의료법인덕수의료재단보라매요양병원,동작구,서울특별시 동작구 여의대방로 134 (대방동),192917.4282,444070.1857
292,기분좋은한방병원,동작구,서울특별시 동작구 여의대방로22길 98 123층 (신대방동),193333.3275,443949.7263
293,새길병원,영등포구,서울특별시 영등포구 영중로 59 (영등포동6가),191506.1489,446609.2114
294,연세바른병원,동작구,서울특별시 동작구 사당로 300 2?4층일부및3  층 (사당동 이수자이),198202.4725,442471.241
295,닥터김앤박요양병원,영등포구,서울특별시 영등포구 영중로 133 2~5층 (영등포동8가),191565.5932,447346.6558
296,초록나무요양병원,영등포구,서울특별시 영등포구 가마산로 368 (대림동 메디칼빌딩),191029.5907,444340.9403
297,신화요양병원,영등포구,서울특별시 영등포구 영중로 100 (영등포동7가),191610.8797,446996.6294
298,내이처럼치과병원,동작구,서울특별시 동작구 동작대로27다길 26 2층 (사당동 사당동 주상복합),198181.9469,442684.3355
299,정동병원,동작구,서울특별시 동작구 양녕로 283 (상도1동),195463.7779,444748.5574
300,따뜻한치과병원,동작구,서울특별시 동작구 동작대로 13 3층 (사당동),198266.2957,441733.3364
301,국립중앙의료원,중구,서울특별시 중구 을지로 245 (을지로6가),200461.4217,451682.1208
302,씨엠병원,영등포구,서울특별시 영등포구 영등포로36길 13 (영등포동4가 충무병원),191422.6525,446299.4874
303,솔빛한방병원,양천구,서울특별시 양천구 신월로 151 (신월동),185827.9756,446176.1941
304,성신병원,강북구,서울특별시 강북구 도봉로 181 (미아동),202253.6351,458066.8822
305,강남효요양병원,관악구,서울특별시 관악구 남부순환로 1704 (봉천동),194566.3027,442315.4311
306,강남초이스병원,관악구,서울특별시 관악구 남부순환로 1796 -12~5층 (봉천동 삼호빌딩),195473.0347,442123.518
307,미래드림여성병원,관악구,서울특별시 관악구 남부순환로 1785 (봉천동),195387.9902,442205.8898
308,성애의료재단 성애병원,영등포구,서울특별시 영등포구 여의대방로53길 22 (신길동 성애병원),193072.1572,445537.1654
309,조인트힐병원,관악구,서울특별시 관악구 난곡로 215 (신림동),192636.6674,441286.6545
310,척편한병원,관악구,서울특별시 관악구 신림로 318 45층 (신림동 청암두산위브),193773.0704,442270.4192
311,남서울요양병원,구로구,서울특별시 구로구 남부순환로 1291 B동 567층(영진오피스) A동 1467층 (가리봉동),190588.9086,441873.5041
312,강남수요양병원,관악구,서울특별시 관악구 신림로64길 11 지1층2~11층 (신림동 성재빌딩),193779.1051,442553.5288
313,더웰샘한방병원,관악구,서울특별시 관악구 남현길 7 한일프라자 4 6층 (남현동),197958.5241,441542.491
314,라온휴병원,양천구,서울특별시 양천구 신월로 164 8층 9층 (신월동 승일뷰티타워),185962.8095,446176.171
315,연세건우병원,관악구,서울특별시 관악구 남부순환로 1814 대연빌딩 3489층 (봉천동),195647.3664,442105.3424
316,관악서울대학교치과병원,관악구,서울특별시 관악구 관악로 1 지1~3층 (신림동),196139.865,439023.1671
317,가야치과병원,서초구,서울특별시 서초구 방배로 177 4~6층 (방배동),199245.4399,443009.3011
318,목동연세요양병원,양천구,서울특별시 양천구 목동로 189 3~4층 (신정동),187917.4305,447015.2437
319,명지성모병원,영등포구,서울특별시 영등포구 도림로 156 명지성모병원 (대림동),191020.8954,443528.608
320,강남고려병원,관악구,서울특별시 관악구 관악로 242 (봉천동),196106.5516,442595.6712
321,모커리한방병원,서초구,서울특별시 서초구 서초대로 338 프로비스타 지하1층 지상2~8층 (서초동),203711.0246,443376.8296
322,서울탑치과병원,서초구,서울특별시 서초구 서초중앙로 39 5층 (서초동),201322.3049,442566.6411
323,서울특별시어린이병원,서초구,서울특별시 서초구 헌릉로 260 (내곡동),206131.2415,439591.5532
324,의료법인 청해의료재단 제일병원,서초구,서울특별시 서초구 서초대로 116 (방배동),199494.842,442848.134
325,대항병원,서초구,서울특별시 서초구 남부순환로 2151 (방배동),198865.6098,441491.1095
326,필치과병원,서초구,서울특별시 서초구 방배로 245 3층 (방배동 현대클리닉빌딩),198946.3256,443620.4529
327,서울귀한이치과병원,서초구,서울특별시 서초구 잠원로 24 403404호 (반포동 반포자이프라자),200800.417,444989.8743
328,학교법인가톨릭학원가톨릭대학교서울성모병원,서초구,서울특별시 서초구 반포대로 222 (반포동),200491.7899,444517.1103
329,허리나은병원,강동구,서울특별시 강동구 천호대로 1012 (성내동),210921.8374,448409.2657
330,치유본의성한방병원,도봉구,서울특별시 도봉구 도봉로152길 26 234층 (방학동 렉시온프라자),203922.0417,462985.3399
331,스카이요양병원,도봉구,서울특별시 도봉구 방학로 177 (방학동),202794.3586,462181.5487
332,고도일병원,서초구,서울특별시 서초구 강남대로 505 (반포동 고도일 병원),201943.5243,444978.7891
333,재단법인자생의료재단목동자생한방병원,양천구,서울특별시 양천구 신목로 102 356층 (목동 대경프라자),188954.5244,446824.3384
334,재단법인 동국한방병원,서초구,서울특별시 서초구 방배로 186 (방배동),199257.012,443119.872
335,365엠씨(mc)병원,서초구,서울특별시 서초구 서초중앙로 126 (서초동),201178.6533,443421.1765
336,염창환병원,서초구,서울특별시 서초구 서초중앙로 148 희성빌딩 569층 (서초동),201146.1171,443615.1648
337,이건목원리한방병원,서초구,서울특별시 서초구 동작대로 196 1~3층 (방배동),198443.7871,443544.4637
338,의료법인 참예원의료재단 서초참요양병원,서초구,서울특별시 서초구 양재대로 54 지12층 2~9층 (우면동 서초참병원),202187,439753
339,서초프라임요양병원,서초구,서울특별시 서초구 방배천로2길 22 (방배동),198506.6467,441616.1121
340,올바로병원,서초구,서울특별시 서초구 명달로 102 서원빌딩 1-6층 (서초동),200324.6264,442669.6497
341,길인의료재단 기린한방병원,서초구,서울특별시 서초구 신반포로49길 3 기린한방병원 (잠원동),201705.5241,445429.5731
342,21세기병원,서초구,서울특별시 서초구 서초중앙로 39 (서초동),201322.3049,442566.6411
343,목동중앙치과병원,양천구,서울특별시 양천구 목동서로 285 황금프라자 10층 (신정동),188363.7254,446631.2469
344,의료법인 부원의료재단 서초요양병원,서초구,서울특별시 서초구 반포대로9길 42 (서초동),200757.4243,442326.1575
345,세바른병원,서초구,서울특별시 서초구 서초중앙로 47 (서초동),201297,442650
346,마디병원,강남구,서울특별시 강남구 삼성로 646 마디빌딩 지하1층~3층 지상1층~9층 (삼성동),204457.767,446164.9863
347,김정수여러분병원,강남구,서울특별시 강남구 봉은사로 171 (논현동 지하1층일부1-5층6층일부),202811.4412,444998.6079
348,석플란트치과병원,강남구,서울특별시 강남구 도산대로 238 2~5층 7~11층 13~14층 (논현동),202866.3919,446523.2147
349,기쁨정원치과병원,강남구,서울특별시 강남구 밤고개로1길 10 315호 (수서동 수서현대벤쳐빌),208937.7607,442873.588
350,강남초이스정형외과병원,강남구,서울특별시 강남구 테헤란로 337 (역삼동 4~9층),204215.1626,444731.3865
351,지앤지병원,강남구,서울특별시 강남구 영동대로 626 2~10층 (삼성동 GNG병원빌딩),205207.4023,446004.8916
352,강남지인병원,강남구,서울특별시 강남구 언주로 631 지하2층지상2층일부3~6층 (논현동),203030.3616,445624.9276
353,경찰병원,송파구,서울특별시 송파구 송이로 123 국립경찰병원 (가락동),210849.8973,443789.337
354,순천향대학교 부속 서울병원,용산구,서울특별시 용산구 대사관로 59 (한남동),200380.9986,448268.3246
355,강남베드로병원,강남구,서울특별시 강남구 남부순환로 2649 베드로병원 (도곡동),203431.0566,442602.5249
356,소람한방병원,강남구,서울특별시 강남구 봉은사로 458 지하1층 ~ 9층 (삼성동 덕림빌딩),204347.6926,445505.7815
357,의료법인해인의료재단 동신한방병원,양천구,서울특별시 양천구 오목로 351 B2~68~9층 (목동),189036.362,446938.5116
358,아림치과병원,강남구,서울특별시 강남구 테헤란로87길 13 (삼성동 서영빌딩 14층15층일부),205112.7556,445159.1281
359,서울특별시서울의료원강남분원,강남구,서울특별시 강남구 봉은사로114길 43 지하1층~4층 (삼성동),205793.3315,445607.0433
360,서울본브릿지병원,강남구,서울특별시 강남구 도곡로 214 롤스웰빌딩 지하2층 지하1층 지상1층 일부 지상2~7층 (도곡동),203682.4872,443363.7036
361,메디힐병원,양천구,서울특별시 양천구 남부순환로 331 (신월동 메디힐병원),184705.4034,448358.3841
362,예작병원,강남구,서울특별시 강남구 도곡로 212 지하2층지상4~8층 (도곡동),203665.585,443357.415
363,미니쉬치과병원,강남구,서울특별시 강남구 언주로 728 234578910층 (논현동),203014.3065,446403.1954
364,굿라이프치과병원,강남구,서울특별시 강남구 강남대로 476 4층 (논현동 urbanhive),202121.2935,444742.6713
365,경희한성한방병원,강남구,서울특별시 강남구 논현로 609 2층 3층일부4층 (논현동 정빌딩),202862.4869,445090.4656
366,안강병원,강남구,서울특별시 강남구 언주로 327 지하1층 2~7층 (역삼동),203902.605,443874.3
367,목동예치과병원,양천구,서울특별시 양천구 오목로 199 (신정동),187522.739,447059.72
368,메디움강남요양병원,강남구,서울특별시 강남구 강남대로 276 (도곡동),202834.56,442871.185
369,소우주한방병원,강남구,서울특별시 강남구 논현로16길 15 (개포동),204132.18,441608.09
370,튼튼병원,강남구,서울특별시 강남구 영동대로 713 B1~6층 7층일부8층 (청담동),204855.5795,446576.8586
371,힘찬큐한방병원,강남구,서울특별시 강남구 봉은사로 213 센트럴타워 5-9층 (논현동),203057.8297,445092.1834
372,노블케어요양병원,강남구,서울특별시 강남구 언주로 858 1관2관동 (신사동),202934.1829,447189.3958
373,느루요양병원,강동구,서울특별시 강동구 강동대로 143-52 느루요양병원빌딩 (성내동),210587.4886,447299.2299
374,트리니티요양병원,강남구,서울특별시 강남구 봉은사로 535 (삼성동 트리니티재활병원빌딩 지하12층 지상1~11층),205116.1952,445783.2671
375,에스플란트치과병원,강남구,서울특별시 강남구 도산대로 410 3~8층 (청담동),203503.9925,446753.0403
376,메드렉스병원,강남구,서울특별시 강남구 논현로 705 (논현동),202588.295,445847.2943
377,윤호병원,강남구,서울특별시 강남구 압구정로 304  층 (신사동 윤호병원(지하1층지하2층1층~4층7층) ),202969.6391,447402.2995
378,광혜병원,강남구,서울특별시 강남구 영동대로86길 9 (대치동 지하1~2층2~7층),205649.655,445122.5708
379,비에비스나무병원,강남구,서울특별시 강남구 논현로 627 지하2층지상1층~9층 지상11층 (논현동),202777.698,445279.7604
380,아이디병원,강남구,서울특별시 강남구 도산대로 142 B3~5층7~16층 (논현동 도산대로12길13(B1층1층일부2~3층)),202070.1643,446161.9445
381,서울치과병원,강남구,서울특별시 강남구 언주로165길 9 23층 (신사동),202789.513,447059.7572
382,큰사랑요양병원,강남구,서울특별시 강남구 논현로2길 30 (개포동 지하2층~1층 지상1층~6층),204588.7667,441203.2903
383,재단법인대한스포츠의학재단강남나무병원,강남구,서울특별시 강남구 영동대로 225 1층일부 2~3층6~8층 (대치동),205914.4343,444120.7894
384,호산여성병원,강남구,서울특별시 강남구 언주로 871 (신사동 호산병원),202862.9981,447361.2535
385,가우디치과병원,강남구,서울특별시 강남구 테헤란로 520 4층 (대치동 삼안빌딩),205330.6625,445066.8481
386,건강한세상앞선치과병원,강남구,서울특별시 강남구 테헤란로87길 36 3층 (삼성동 도심공항타워),205259.5276,445361.9371
387,미병원,강남구,서울특별시 강남구 논현로168길 35 지하2층 3~5층 (신사동),202689.2449,446805.4741
388,수플란트치과병원,강남구,서울특별시 강남구 선릉로 823 3층 (신사동),203403.4596,447041.8566
389,토마스병원,강남구,서울특별시 강남구 언주로174길 15 (신사동 구정빌딩),203043.8895,447360.9804
390,강남유나이티드병원,강남구,서울특별시 강남구 남부순환로 2609 7~11층 (도곡동),203033.6251,442530.6936
391,수치과병원,강남구,서울특별시 강남구 선릉로 823 3층 (신사동),203403.4596,447041.8566
392,(의)가산의료재단 광동한방병원,강남구,서울특별시 강남구 봉은사로 612 (삼성동),205423.2863,445783.2948
393,이솝한방병원,강남구,서울특별시 강남구 남부순환로 2909 여천빌딩 503~505호 508~509호 604호호 (대치동),205004.7797,443335.5182
394,의료법인참예원의료재단강남구립행복요양병원,강남구,서울특별시 강남구 헌릉로590길 60 (세곡동 강남구립 행복요양병원),209074.6833,439891.1595
395,청담힐요양병원,강남구,서울특별시 강남구 영동대로 713 9~14층 (청담동),204855.5795,446576.8586
396,청담병원,강남구,서울특별시 강남구 삼성로147길 46 (청담동 청담병원 지하1층 1층일부 2층~6층),203964.8922,446494.0183
397,담소유병원,강남구,서울특별시 강남구 학동로 234 담소유빌딩 (논현동),203057.8297,445092.1834
398,지혜병원,동대문구,서울특별시 동대문구 천호대로 421 (장안동),205756.835,451053.7656
399,연치과병원,강남구,서울특별시 강남구 남부순환로 2941 (대치동 2층 일부),205394.0927,443559.8544
400,강남제이에스병원,강남구,서울특별시 강남구 도곡로 122 지후빌딩 (도곡동),202995.5127,445922.6721
401,자생한방병원,강남구,서울특별시 강남구 강남대로 536 (논현동),201903.35,445314.635
402,케이에스병원,강남구,서울특별시 강남구 선릉로 571 (역삼동 KS병원),203815.5646,445239.029
403,리봄한방병원,강남구,서울특별시 강남구 학동로50길 7 2~4층 5층일부층 (논현동),203472.0061,446003.9858
404,의료법인일맥의료재단 인애가요양병원,송파구,서울특별시 송파구 마천로15길 6 인애가요양병원 (오금동),211904.8418,444786.2611
405,혜민안과병원,송파구,서울특별시 송파구 중대로 122 (가락동),210714.0538,443519.7505
406,올림픽병원,송파구,서울특별시 송파구 백제고분로 283 어깨동무빌딩 (석촌동),208596.0247,444510.6709
407,송파새희망요양병원,송파구,서울특별시 송파구 오금로 488 삼원빌딩 (거여동),212568.7925,443483.2092
408,인애가송파한방병원,송파구,서울특별시 송파구 문정로 65 인애가한방병원 1256층 (문정동),211382.0269,442795.7081
409,포미즈여성병원,양천구,서울특별시 양천구 공항대로 610 (목동 정종일산부인과),188635.2309,449396.8064
410,의료법인참예원의료재단 송파참노인전문병원,송파구,서울특별시 송파구 마천로 164 송파참병원 (오금동),212081.528,444598.2367
411,의료법인정애의료재단서울초이스병원,송파구,서울특별시 송파구 올림픽로 579 (풍납동 서울초이스병원),210641.6091,447960.0073
412,수치과병원,송파구,서울특별시 송파구 중대로 68 (문정동 훼밀리샤르망 505호),210226.6978,443267.2288
413,학교법인혜화학원 대전대학교서울한방병원,송파구,서울특별시 송파구 법원로11길 32 지하2~1층 지상5~11층13층 (문정동),,
414,서울병원,송파구,서울특별시 송파구 오금로 290 (가락동),211026.8378,444944.8539
415,뉴스타트병원,송파구,서울특별시 송파구 송이로 76 뉴스타트병원 (가락동),210493.7649,444103.2609
416,포레힐요양병원,송파구,서울특별시 송파구 오금로 173 (방이동),209993.6502,445282.21
417,한솔병원,송파구,서울특별시 송파구 송파대로 445 한솔병원 (석촌동),209295.3681,444879.1156
418,희망요양병원,노원구,서울특별시 노원구 상계로26길 7 (상계동),206185.3418,461762.6645
419,더바름치과병원,송파구,서울특별시 송파구 석촌호수로 61 트리지움상가 201호 (잠실동),207553.9182,445383.338
420,서울연세요양병원,송파구,서울특별시 송파구 삼학사로 53 태영빌딩 (삼전동),208477.7757,444434.5232
421,의료법인마리아의료재단마리아병원,송파구,서울특별시 송파구 송이로 152 마리아 의료재단 새병원 (가락동),210933.6693,443458.7017
422,잠실포레스트한방병원,송파구,서울특별시 송파구 오금로 129 지하1층~6층 (방이동),209623.2879,445505.2586
423,재단법인자생의료재단잠실자생한방병원,송파구,서울특별시 송파구 오금로 81 송파빌딩 (방이동),209409.3771,445882.0035
424,에이치큐브병원,도봉구,서울특별시 도봉구 도봉로 604 (창동),203556.6616,461771.0544
425,성심의료재단강동성심병원,강동구,서울특별시 강동구 성안로 150 (길동),211883.6884,448216.5749
426,서울힐링요양병원,송파구,서울특별시 송파구 중대로 191 서울힐링요양병원 (가락동),211044.2011,444104.1946
427,빠른병원,송파구,서울특별시 송파구 백제고분로 405 유니온테크송파빌딩 (송파동),209627.927,445033.4927
428,선수촌병원,송파구,서울특별시 송파구 올림픽로 76 (잠실동),206916.7583,445485.4448
429,더사랑요양병원,송파구,서울특별시 송파구 마천로 227 보은빌딩 (마천동),212587.4833,444278.471
430,그레이스힐 요양병원,노원구,서울특별시 노원구 노원로 461 대감프라자빌딩 3456층 (상계동),205705.7366,461663.5391
431,조은마디병원,강동구,서울특별시 강동구 천호대로170길 19 (성내동),211715.5114,448041.3908
432,더셀채원병원,강동구,서울특별시 강동구 성내로 66 채원자연통합병원빌딩 (성내동),211159.429,447276.5087
433,연세미래엔미소치과병원,강동구,서울특별시 강동구 상일로10길 36 2층 202203호 (상일동 세종텔레콤지식산업센터),215314.7463,449845.752
434,연세베스트요양병원,영등포구,서울특별시 영등포구 여의대방로 203 (신길동 일이빌딩),193034.346,444796.3721
435,남기세병원,강동구,서울특별시 강동구 천호대로 1133 (길동),212084.0385,448058.4442
436,공안과병원,강동구,서울특별시 강동구 풍성로37길 45 (성내동),211070.8815,447964.9916
437,이화여자대학교의과대학부속목동병원,양천구,서울특별시 양천구 안양천로 1071 (목동),189878.4073,448255.1996
438,강동경희대학교한방병원,강동구,서울특별시 강동구 동남로 892 (상일동),213839.3562,450118.2617
439,재단법인자생의료재단노원자생한방병원,노원구,서울특별시 노원구 노해로 507 78층 (상계동 와우쇼핑몰),205557.0134,461441.688
440,메디아이여성병원,노원구,서울특별시 노원구 노원로 448 (상계동 메디아이여성병원),205845.0134,461572.8387
441,강동한방병원,강동구,서울특별시 강동구 양재대로 1556 (길동),212543.9917,449139.9315
442,의료법인한전의료재단 한일병원,도봉구,서울특별시 도봉구 우이천로 308 (쌍문동),202466.1192,460394.3299
443,신촌다인치과병원,마포구,서울특별시 마포구 신촌로 94 10층11층 (노고산동 그랜드플라자),194273.5981,450318.7241
444,의료법인참예원의료재단 성북참노인전문병원,성북구,서울특별시 성북구 북악산로1길 71 (정릉동),200400.3948,455032.1172
445,무척바른한방병원,강서구,서울특별시 강서구 공항대로 228 45층 (마곡동),,
446,제일정형외과병원,강남구,서울특별시 강남구 영동대로 726 경일빌딩1~12층 14층 지하1~2층 지하4~5층 (청담동),204896.2617,446730.549
447,재단법인위담 위담한방병원,강남구,서울특별시 강남구 역삼로 430 (대치동 2층3층5층6층),204715.4922,444352.093
448,서울본병원,관악구,서울특별시 관악구 남부순환로 1449 (신림동 서울본병원),192122.4393,442168.5479
449,뉴서울성모요양병원,영등포구,서울특별시 영등포구 영중로34길 6 (영등포동8가),191635.0285,447094.3511
450,강남위담한방병원,강남구,서울특별시 강남구 삼성로 402 지하2층일부 2~7층 (대치동),205136.9346,444576.067
451,장튼위튼병원,관악구,서울특별시 관악구 남부순환로 1867 (봉천동),196154.9208,441961.8734
452,파라솔요양병원,금천구,서울특별시 금천구 시흥대로73길 67 엠타워 78914지하2층 (시흥동),,
453,아이엠치과병원,강동구,서울특별시 강동구 올림픽로 664 4층 (천호동 대우 한강 베네시티),210970.7571,448713.3167
454,대명요양병원,영등포구,서울특별시 영등포구 양평로 99 지하2 6~9층 (양평동4가 대명빌딩),190743.6408,448249.54
455,달려라병원,강동구,서울특별시 강동구 천호대로 1165 (길동),212386.7391,447993.909
456,서울현대요양병원,강동구,서울특별시 강동구 올림픽로 684 (천호동),211004.4667,448897.2375
457,강북21세기병원,중랑구,서울특별시 중랑구 면목로 473 (상봉동),207506.2486,454647.912
458,의료법인동신의료재단 동신병원,서대문구,서울특별시 서대문구 연희로 272 동신병원 본관동 (홍은동),194321.4174,453224.786
459,동부센트럴요양병원,강동구,서울특별시 강동구 올림픽로98길 8 (암사동 동부센트럴요양병원),211281.6303,449888.0745
460,서울척병원,성북구,서울특별시 성북구 동소문로47길 8 (길음동),202513.1346,456279.1559
461,서울에이스요양병원,동대문구,서울특별시 동대문구 고산자로 379 (용두동),203263.5574,452379.2003
462,왕십리휴요양병원,동대문구,서울특별시 동대문구 무학로 88 (용두동 지하2~지상8층),202670.0493,452196.571
463,어울림병원,영등포구,서울특별시 영등포구 영등포로 386 (신길동 동인빌딩),192946.2802,445685.9445
464,서재곤링커병원,송파구,서울특별시 송파구 백제고분로 436 (송파동 서재곤링커병원),209831.1353,445251.2706
465,재단법인한국산업보건환경연구소부설 해상병원,영등포구,서울특별시 영등포구 신길로 173 (신길동),192032.6952,445032.859
466,사랑의병원,관악구,서울특별시 관악구 남부순환로 1860 -11345층 (봉천동  ),196058.834,441941.1832
467,연세바로척병원,성동구,서울특별시 성동구 동일로 133 (성수동2가),205665.6408,449129.6219
468,참튼튼병원,구로구,서울특별시 구로구 시흥대로 547 금강빌딩 지하12~10층(구로동) 디지털로32가길 25 티타운빌딩 B102103205206302 (구로동),191118.2893,442223.1321
469,강동연세병원,강동구,서울특별시 강동구 올림픽로 734 (천호동),211139.0008,449459.1886
470,송파그랜드요양병원,송파구,서울특별시 송파구 마천로 238 윤진프라자타워 (마천동),212643.8601,444170.3201
471,미올한방병원,은평구,서울특별시 은평구 통일로 636 은평 미드스퀘어 45층 (녹번동),194220.3248,455685.625
472,가톨릭대학교 여의도성모병원,영등포구,서울특별시 영등포구 63로 10 여의도성모병원 (여의도동),194324.399,446208.1142
473,새롬한방병원,영등포구,서울특별시 영등포구 도신로 41 (대림동 코스모메디칼),190859.2336,444779.0943
474,민트병원,송파구,서울특별시 송파구 정의로8길 7 한스 (문정동),210190,442675
475,365매일한방병원,동대문구,서울특별시 동대문구 천호대로 3 지하1지상1~2층 (신설동),202081.8648,452565.4088
476,강동우리들요양병원,강동구,서울특별시 강동구 구천면로 202 행복타워빌딩 B22346층 (천호동),211174.7712,448678.9099
477,러스크서울병원,중랑구,서울특별시 중랑구 망우로 470 (망우동),209144.1723,455311.5602
478,희명병원,금천구,서울특별시 금천구 시흥대로 244 (시흥동),191137.4552,439289.5137
479,서울석병원,송파구,서울특별시 송파구 송이로 148 (가락동),210893.6467,443517.49
480,치유본한방병원,관악구,서울특별시 관악구 신원로 35 삼모더프라임타워 6층 (신림동),193643.2743,442230.0357
481,더와이즈황병원,강서구,서울특별시 강서구 까치산로 23 더와이즈황병원 (화곡동),186001.4903,448899.5002
482,은천요양병원,관악구,서울특별시 관악구 은천로 51 (봉천동 23456층),194719.9814,442674.1937
483,의료법인 춘혜의료재단 명지춘혜재활병원,영등포구,서울특별시 영등포구 대림로 223 (대림동 명지춘혜병원),190828.0405,444275.7862
484,장덕한방병원,서초구,서울특별시 서초구 서초중앙로 42 블루핀타워 지하2층지하1층1층2층3층 동 (서초동),201353.7405,442618.448
485,심정병원,관악구,서울특별시 관악구 남부순환로 1485 삼남빌딩 2~6층 (신림동),192455.883,442267.1492
486,재단법인대성병원,서대문구,서울특별시 서대문구 세무서길 20 (홍제동),195147.0935,454066.6018
487,마인드웰병원,중랑구,서울특별시 중랑구 망우로 403 5층6층7층 (망우동),208490.0194,455252.7157
488,대윤한방병원,영등포구,서울특별시 영등포구 영등포로 358 대윤메디컬센터 지하1층 2-5층 (신길동),192673.6976,445804.1857
489,서울센트럴요양병원,영등포구,서울특별시 영등포구 경인로 767 (문래동3가),190968.8708,445750.3993
490,참푸른병원,서초구,서울특별시 서초구 방배로 223 창생빌딩 2~7층 (방배동),199040.3747,443425.0632
491,한림대학교 강남성심병원,영등포구,서울특별시 영등포구 신길로 1 (대림동 강남성심병원),191856.2618,443459.3577
492,사랑요양병원,서대문구,서울특별시 서대문구 수색로 131 (북가좌동),191594.9505,452435.4966
493,강북삼성병원,종로구,서울특별시 종로구 새문안로 29 (평동),197111.9696,452095.9682
494,팔팔병원,중랑구,서울특별시 중랑구 동일로 679 (면목동 88병원),206970.9312,454293.5391
495,늘찬병원,중랑구,서울특별시 중랑구 봉우재로 234 (망우동),208664.1521,454762.0135
496,강동경희대학교치과병원,강동구,서울특별시 강동구 동남로 892 (상일동),213839.3562,450118.2617
497,에이치플러스 양지병원,관악구,서울특별시 관악구 남부순환로 1636 양지병원 (신림동),193961.3714,442448.3735
498,학교법인대진교육재단 제인병원,성동구,서울특별시 성동구 광나루로 243 (송정동),204968.4683,449690.1979
499,의료법인 행복나눔의료재단 사랑요양병원,노원구,서울특별시 노원구 동일로243길 45 (상계동 사랑요양병원),204558.4578,464003.4051
500,재단법인아산사회복지재단 서울아산병원,송파구,서울특별시 송파구 올림픽로43길 88 서울아산병원 (풍납동),209607.5904,447120.5772
501,서울성심한방병원,강동구,서울특별시 강동구 진황도로 124 (길동),212268.6809,448024.7871
502,중앙대학교병원,동작구,서울특별시 동작구 흑석로 102 (흑석동),196469.8398,444981.9379
503,한국원자력의학원원자력병원,노원구,서울특별시 노원구 노원로 75 한국원자력의학원 (공릉동),207425.8041,458999.6409
504,서울노보스병원,도봉구,서울특별시 도봉구 도봉로 720 (방학동),203797.094,462932.7654
505,경동한방병원,중랑구,서울특별시 중랑구 망우로 400 2층~3층(201호~204호301호~304호) (망우동),208463.1436,455162.3207
506,덕수의료재단 덕수요양병원,영등포구,서울특별시 영등포구 영신로34길 5 (영등포동4가),191256.0172,446425.9848
507,(本)본브릿지병원,송파구,서울특별시 송파구 송파대로 562 238층 (신천동 한빛프라자삼성웰리스아파트),208730.6335,445905.0255
508,드림요양병원,송파구,서울특별시 송파구 송이로 111 B3-6층 (가락동 청석빌딩),210736.9044,443841.3381
509,연세본병원,중랑구,서울특별시 중랑구 면목로 310 4567층일부층 (면목동),207702.8399,453039.3455
510,태릉마이크로병원,노원구,서울특별시 노원구 동일로 987 (공릉동),206551.607,457326.7229
511,차의과학대학교 강남차병원,강남구,서울특별시 강남구 논현로 566 강남차병원(역삼동650-9 606-4 605외2필지(지하7층~지하1층 지상2층~7층)) (역삼동),202979.3088,444965.7886
512,노원을지대학교병원,노원구,서울특별시 노원구 한글비석로 68 을지병원 (하계동),206102.456,459346.7697
513,의료법인제민의료재단동서한방병원,서대문구,서울특별시 서대문구 성산로 365-14 (연희동),193759.8056,451374.1369
514,홍익병원,양천구,서울특별시 양천구 목동로 225 홍익병원본관 (신정동),187879.0549,447370.032
515,학교법인연세대학교치과대학치과병원,서대문구,서울특별시 서대문구 연세로 50-1 (신촌동),194584.9592,451381.5855
516,누네안과병원,강남구,서울특별시 강남구 테헤란로 408 대치빌딩 지상9층~지상17층 (대치동),204432.7108,444309.0066
517,학교법인 고려중앙학원 고려대학교의과대학부속병원(안암병원),성북구,서울특별시 성북구 고려대로 73 고려대병원 (안암동5가),202313.8508,453871.2647
518,연세대학교의과대학 강남세브란스병원,강남구,서울특별시 강남구 언주로 211 강남세브란스병원 (도곡동),204044.9151,443372.9217
519,가톨릭대학교 은평성모병원,은평구,서울특별시 은평구 통일로 1021 (진관동),192589,459041
520,한림대학교 한강성심병원,영등포구,서울특별시 영등포구 버드나루로7길 12 (영등포동7가 한강성심병원),191948.6384,446775.417
521,인제대학교 상계백병원,노원구,서울특별시 노원구 동일로 1342 상계백병원 (상계동),205488.9165,460701.0276
522,우리들병원,강남구,서울특별시 강남구 학동로 445 (청담동 삼성로 707 지하1층 2층(청담동),204322.0291,446314.4956
523,녹색병원,중랑구,서울특별시 중랑구 사가정로49길 53 (면목동),207545.4314,453474.5801
524,서울스마트요양병원,양천구,서울특별시 양천구 중앙로 181 복합메디컬타운 3~8층 (신정동),187181.2848,445624.3665
525,강동경희대학교의대병원,강동구,서울특별시 강동구 동남로 892 (상일동),213839.3562,450118.2617
526,서울특별시서울의료원,중랑구,서울특별시 중랑구 신내로 156 (신내동),208757.4314,457060.5339
527,한걸음요양병원,중랑구,서울특별시 중랑구 망우로 316 이지팰리스 5~7층 503-2504505601~605701~705호 (상봉동),207660.8837,454911.1103
528,한국보훈복지의료공단 보훈요양병원,강동구,서울특별시 강동구 진황도로61길 53 중앙보훈병원 (둔촌동),212987.2607,447505.0117
529,리더스병원,강동구,서울특별시 강동구 천호대로 1044 (성내동),211211.6457,448309.6465
530,가자연세병원,서대문구,서울특별시 서대문구 수색로 18 2~5층 (남가좌동 영보웨딩부페),192562.9734,451852.1496
531,목동힘찬병원,양천구,서울특별시 양천구 신목로 120 (목동 힘찬병원),189047.9417,446975.0685
532,강동모커리한방병원,강동구,서울특별시 강동구 양재대로 1517 남해빌딩 2~5층 (천호동),212376.2067,448791.0714
533,사랑플러스병원,강동구,서울특별시 강동구 양재대로 1580 (명일동),212618.6539,449389.3205
534,학교법인연세대학교의과대학세브란스병원,서대문구,서울특별시 서대문구 연세로 50-1 (신촌동),194777.7191,451381.5855
535,의료법인일맥의료재단인애가한방병원,강동구,서울특별시 강동구 성내로6길 15 인애가한방병원 (성내동),210808.2531,447406.5309
536,강동성모요양병원,강동구,서울특별시 강동구 올림픽로80길 31 로뎀빌딩 (천호동),211171.4675,449037.2952
537,올바른서울병원,강동구,서울특별시 강동구 양재대로 1525 명품빌딩 (천호동),212416.5821,448882.4141
538,강북연세병원,노원구,서울특별시 노원구 동일로 996 (공릉동),206592.1992,457438.7138